Настольная лампа Crystal Lux Dream LG1,/product/nastolnaya_lampa_crystal_lux_dream_lg1/,13230 RUB
Прикроватная лампа Evoluce Sevilla SLE107934-01,/product/nastolnaya_lampa_evoluce_sevilla_sle107934_01/,6800 RUB
Настольная лампа Evoluce Ramer SLE105714-01,/product/nastolnaya_lampa_evoluce_ramer_sle105714_01/,7820 RUB
Настольная лампа Crystal Lux Flavio LG1 Gold,/product/nastolnaya_lampa_crystal_lux_flavio_lg1_gold/,6300 RUB
Настольная лампа Crystal Lux Gracia LG1 Gold,/product/nastolnaya_lampa_crystal_lux_gracia_lg1_gold/,8900 RUB
Прикроватная лампа ST Luce Enita SL1751.104.01,/product/nastolnaya_lampa_st_luce_enita_sl1751_104_01/,9940 RUB
Прикроватная лампа ST Luce Vezzo SL965.104.01,/product/nastolnaya_lampa_st_luce_vezzo_sl965_104_01/,8000 RUB
Прикроватная лампа Evoluce Reimo SLE105504-01,/product/nastolnaya_lampa_evoluce_reimo_sle105504_01/,6990 RUB
Прикроватная лампа ST Luce Bello SL1756.104.01,/product/nastolnaya_lampa_st_luce_bello_sl1756_104_01/,10600 RUB
Настольная лампа Crystal Lux Princess LG1,/product/nastolnaya_lampa_crystal_lux_princess_lg1/,24900 RUB
Настольная лампа ST Luce Ampolla SL974.404.01,/product/nastolnaya_lampa_st_luce_ampolla_sl974_404_01/,15240 RUB
Настольная лампа iLamp Brooklyn T2401-1 Nickel,/product/nastolnaya_lampa_ilamp_brooklyn_t2401_1_nickel/,13790 RUB
Настольная лампа Arte Lamp North A5896LT-1PB,/product/nastolnaya_lampa_arte_lamp_north_a5896lt_1pb/,7990 RUB
Прикроватная лампа ST Luce Redjino SLE106204-02,/product/nastolnaya_lampa_st_luce_redjino_sle106204_02/,7150 RUB
Настольная лампа Crystal Lux Mercedes LG1 Gold/Color,/product/nastolnaya_lampa_crystal_lux_mercedes_lg1_gold_color/,10900 RUB
Прикроватная лампа ST Luce Sandro SL1205.304.01,/product/nastolnaya_lampa_st_luce_sandro_sl1205_304_01/,15510 RUB
Прикроватная лампа ST Luce Vezzo SL965.304.01,/product/nastolnaya_lampa_st_luce_vezzo_sl965_304_01/,13700 RUB
Настольная лампа Lightstar Cigno Collo Bk 751927,/product/nastolnaya_lampa_751927/,7548 RUB
Прикроватная лампа ST Luce Vellino SL1163.204.01,/product/nastolnaya_lampa_st_luce_vellino_sl1163_204_01/,7660 RUB
Настольная лампа Arte Lamp Gustav A4420LT-1WH,/product/nastolnaya_lampa_arte_lamp_gustav_a4420lt_1wh/,3990 RUB
Настольная лампа Arte Lamp Bolla-Unica A1921LT-1CC,/product/nastolnaya_lampa_arte_lamp_bolla_unica_a1921lt_1cc/,5190 RUB
Настольная лампа Arte Lamp Montmartre A3239LT-3WH,/product/nastolnaya_lampa_a3239lt_3wh/,14290 RUB
Настольная лампа Arte Lamp Fire A4032LT-1GO,/product/nastolnaya_lampa_arte_lamp_fire_a4032lt_1go/,20990 RUB
Настольная лампа Crystal Lux Santa LG1 White,/product/nastolnaya_lampa_crystal_lux_santa_lg1_white/,8300 RUB
Настольная лампа Osgona Princia 726911,/product/nastolnaya_lampa_726911/,12800 RUB
Прикроватная лампа ST Luce Katena SL1757.104.01,/product/nastolnaya_lampa_st_luce_katena_sl1757_104_01/,6800 RUB
Настольная лампа Arte Lamp Gracie A7301LT-1PB,/product/nastolnaya_lampa_arte_lamp_gracie_a7301lt_1pb/,10990 RUB
Настольная лампа Arte Lamp Fiori A4429LT-1WA,/product/nastolnaya_lampa_arte_lamp_fiori_a4429lt_1wa/,1520 RUB
Прикроватная лампа ST Luce Spruzzo SL305.404.01,/product/nastolnaya_lampa_st_luce_spruzzo_sl305_404_01/,12260 RUB
Настольная лампа Crystal Lux Betis LG1,/product/nastolnaya_lampa_crystal_lux_betis_lg1/,9900 RUB
Настольная лампа Divinare Nova 3005/23 TL-3,/product/nastolnaya_lampa_divinare_nova_3005_23_tl_3/,15510 RUB
Настольная лампа Lightstar Meccano 766919,/product/nastolnaya_lampa_lightstar_meccano_766919/,6435 RUB
Настольная лампа Arte Lamp Deco A6020LT-1WH,/product/nastolnaya_lampa_a6020lt_1wh/,3960 RUB
Настольная лампа Arte Lamp Matisse A7745LT-1AB,/product/nastolnaya_lampa_arte_lamp_matisse_a7745lt_1ab/,8440 RUB
Настольная лампа Evoluce Narni SLE115204-01,/product/nastolnaya_lampa_evoluce_narni_sle115204_01/,9150 RUB
Настольная лампа Crystal Lux Nicolas LG1 Gold/White,/product/nastolnaya_lampa_crystal_lux_nicolas_lg1_gold_white/,7200 RUB
Прикроватная лампа Evoluce Pazione SLE107104-01,/product/nastolnaya_lampa_evoluce_pazione_sle107104_01/,6660 RUB
Настольная лампа Arte Lamp Clark A4376LT-1BS,/product/nastolnaya_lampa_arte_lamp_clark_a4376lt_1bs/,5990 RUB
Настольная лампа Crystal Lux Camila LG1 Gold,/product/nastolnaya_lampa_crystal_lux_camila_lg1_gold/,4900 RUB
Настольная лампа Arte Lamp Baymont A5059LT-1PB,/product/nastolnaya_lampa_arte_lamp_baymont_a5059lt_1pb/,11990 RUB
Настольная лампа Arte Lamp Ramada A3588LT-1PB,/product/nastolnaya_lampa_arte_lamp_ramada_a3588lt_1pb/,26990 RUB
Настольная лампа Arte Lamp Baymont A5017LT-1PB,/product/nastolnaya_lampa_arte_lamp_baymont_a5017lt_1pb/,12990 RUB
Настольная лампа Lightstar Arnia 805912,/product/nastolnaya_lampa_lightstar_arnia_805912/,7722 RUB
Настольная лампа Divinare 4069/02 TL-1,/product/nastolnaya_lampa_divinare_4069_02_tl_1/,15490 RUB
Настольная лампа Arte Lamp Safari A6905LT-1AB,/product/nastolnaya_lampa_arte_lamp_safari_a6905lt_1ab/,6990 RUB
Настольная лампа Arte Lamp Deco A6710LT-1WH,/product/nastolnaya_lampa_arte_lamp_deco_a6710lt_1wh/,3870 RUB
Настольная лампа Arte Lamp Taiyi A4002LT-1CC,/product/nastolnaya_lampa_arte_lamp_taiyi_a4002lt_1cc/,10990 RUB
Настольная лампа Arte Lamp Schedar A4008LT-1BK,/product/nastolnaya_lampa_arte_lamp_schedar_a4008lt_1bk/,7490 RUB
Настольная лампа Arte Lamp Revati A4016LT-1WH,/product/nastolnaya_lampa_arte_lamp_revati_a4016lt_1wh/,8990 RUB
Настольная лампа iLamp Royal 10390-3T BK,/product/nastolnaya_lampa_ilamp_royal_10390_3t_bk/,27690 RUB
Настольная лампа Crystal Lux Fabricio LG1 Chrome/Transparente,/product/nastolnaya_lampa_crystal_lux_fabricio_lg1_chrome_transparente/,1400 RUB
Настольная лампа Osgona Riccio 705914,/product/nastolnaya_lampa_705914/,20441 RUB
Настольная лампа Arte Lamp Twilly A4237LT-1GY,/product/nastolnaya_lampa_arte_lamp_twilly_a4237lt_1gy/,5990 RUB
Настольная лампа Arte Lamp Isola A4272LT-1GY,/product/nastolnaya_lampa_arte_lamp_isola_a4272lt_1gy/,4640 RUB
Настольная лампа Arte Lamp Beverly A5132LT-1CC,/product/nastolnaya_lampa_arte_lamp_beverly_a5132lt_1cc/,13990 RUB
Прикроватная лампа ST Luce Oleo SL1121.104.01,/product/nastolnaya_lampa_st_luce_oleo_sl1121_104_01/,22870 RUB
Настольная лампа Crystal Lux Mercedes LG1 Chrome/Smoke,/product/nastolnaya_lampa_crystal_lux_mercedes_lg1_chrome_smoke/,9900 RUB
Прикроватная лампа ST Luce Ampolla SL973.104.01,/product/nastolnaya_lampa_st_luce_ampolla_sl973_104_01/,22500 RUB
Настольная лампа Lightstar Simple Light 811 811914,/product/nastolnaya_lampa_lightstar_simple_light_811_811914/,8576 RUB
Настольная лампа Arte Lamp Deco A6030LT-1WH,/product/nastolnaya_lampa_a6030lt_1wh/,6530 RUB
Настольная лампа Evoluce Brescia SLE300554-01,/product/nastolnaya_lampa_evoluce_brescia_sle300524_01/,4880 RUB
Настольная лампа Arte Lamp Izar A4015LT-1BK,/product/nastolnaya_lampa_arte_lamp_izar_a4015lt_1bk/,8990 RUB
Настольная лампа Arte Lamp Azalia A4019LT-1CC,/product/nastolnaya_lampa_arte_lamp_azalia_a4019lt_1cc/,9990 RUB
Настольная лампа Arte Lamp Merga A4001LT-1GO,/product/nastolnaya_lampa_arte_lamp_merga_a4001lt_1go/,1990 RUB
Настольная лампа Arte Lamp Bunda A4007LT-1WH,/product/nastolnaya_lampa_arte_lamp_bunda_a4007lt_1wh/,2490 RUB
Настольная лампа Crystal Lux Santa LG1 Gold,/product/nastolnaya_lampa_crystal_lux_santa_lg1_gold/,8990 RUB
Настольная лампа Crystal Lux Nicolas LG1 Nickel/White,/product/nastolnaya_lampa_crystal_lux_nicolas_lg1_nickel_white/,7200 RUB
Прикроватная лампа Evoluce Tenato SLE115104-01,/product/nastolnaya_lampa_evoluce_tenato_sle115104_01/,13800 RUB
Настольная лампа Arte Lamp Fiori A4429LT-1BA,/product/nastolnaya_lampa_arte_lamp_fiori_a4429lt_1ba/,1990 RUB
Настольная лампа Arte Lamp Sheldon A8531LT-1CC,/product/nastolnaya_lampa_arte_lamp_sheldon_a8531lt_1cc/,19990 RUB
Настольная лампа Arte Lamp Beverly A5131LT-1CC,/product/nastolnaya_lampa_arte_lamp_beverly_a5131lt_1cc/,13990 RUB
Прикроватная лампа ST Luce Calma SL968.404.01,/product/nastolnaya_lampa_st_luce_calma_sl968_404_01/,13770 RUB
Настольная лампа Divinare Nova 3001/01 TL-4,/product/nastolnaya_lampa_divinare_nova_3001_01_tl_4/,21470 RUB
Настольная лампа Arte Lamp Seville A1509LT-1PB,/product/nastolnaya_lampa_arte_lamp_seville_a1509lt_1pb/,12990 RUB
Настольная лампа Arte Lamp Porrima A4028LT-1PB,/product/nastolnaya_lampa_arte_lamp_porrima_a4028lt_1pb/,20990 RUB
Настольная лампа Arte Lamp Murano A4029LT-1GO,/product/nastolnaya_lampa_arte_lamp_murano_a4029lt_1go/,8990 RUB
Настольная лампа Crystal Lux Renata LG1 Gold,/product/nastolnaya_lampa_crystal_lux_renata_lg1_gold/,6200 RUB
Настольная лампа Crystal Lux Andres LG1 Bronze/Transparente,/product/nastolnaya_lampa_crystal_lux_andres_lg1_bronze_transparente/,1900 RUB
Прикроватная лампа Evoluce Grinda SLE107604-01,/product/nastolnaya_lampa_evoluce_grinda_sle107604_01/,4860 RUB
Прикроватная лампа Evoluce Noia SLE107304-01,/product/nastolnaya_lampa_evoluce_noia_sle107304_01/,5590 RUB
Прикроватная лампа Evoluce Grinda SLE107604-01,/product/nastolnaya_lampa_evoluce_grinda_sle107604_01/,4860 RUB
Прикроватная лампа Evoluce Noia SLE107304-01,/product/nastolnaya_lampa_evoluce_noia_sle107304_01/,5590 RUB
Настольная лампа Arte Lamp Camelot A4501LT-1PB,/product/nastolnaya_lampa_arte_lamp_camelot_a4501lt_1pb/,20990 RUB
Настольная лампа Arte Lamp Baymont A1670LT-1PB,/product/nastolnaya_lampa_arte_lamp_baymont_a1670lt_1pb/,8990 RUB
Настольная лампа Lightstar Cigno Collo Wt 751926,/product/nastolnaya_lampa_751926/,8580 RUB
Настольная лампа Evoluce Narni SLE115214-01,/product/nastolnaya_lampa_evoluce_narni_sle115214_01/,8540 RUB
Настольная лампа Evoluce Monza SLE111304-01,/product/nastolnaya_lampa_evoluce_monza_sle111304_01/,6530 RUB
Прикроватная лампа Evoluce Manila SLE107504-01,/product/nastolnaya_lampa_evoluce_manila_sle107504_01/,5590 RUB
Прикроватная лампа Evoluce Liada SLE103904-01,/product/nastolnaya_lampa_evoluce_liada_sle103904_01/,4660 RUB
Настольная лампа Arte Lamp Elba A2581LT-1CC,/product/nastolnaya_lampa_arte_lamp_elba_a2581lt_1cc/,4990 RUB
Настольная лампа Arte Lamp Rizzi A2230LT-1PB,/product/nastolnaya_lampa_arte_lamp_rizzi_a2230lt_1pb/,16990 RUB
Настольная лампа Arte Lamp Radison A2020LT-1PB,/product/nastolnaya_lampa_arte_lamp_radison_a2020lt_1pb/,16990 RUB
Настольная лампа Arte Lamp Bolla-Unica A1921LT-1AB,/product/nastolnaya_lampa_arte_lamp_bolla_unica_a1921lt_1ab/,6990 RUB
Прикроватная лампа ST Luce Calma SL968.904.01,/product/nastolnaya_lampa_st_luce_calma_sl968_904_01/,13150 RUB
Прикроватная лампа ST Luce Renna SL153.704.01,/product/nastolnaya_lampa_st_luce_renna_sl153_704_01/,18960 RUB
Настольная лампа Arte Lamp Izar A4015LT-1WH,/product/nastolnaya_lampa_arte_lamp_izar_a4015lt_1wh/,8990 RUB
Настольная лампа Arte Lamp Izar A4015LT-1GO,/product/nastolnaya_lampa_arte_lamp_izar_a4015lt_1go/,8990 RUB
Настольная лампа Arte Lamp Capella A4024LT-1CC,/product/nastolnaya_lampa_arte_lamp_capella_a4024lt_1cc/,8990 RUB
Настольная лампа Arte Lamp Revati A4016LT-1BK,/product/nastolnaya_lampa_arte_lamp_revati_a4016lt_1bk/,8990 RUB
Настольная лампа Arte Lamp Procyon A4039LT-1GO,/product/nastolnaya_lampa_arte_lamp_procyon_a4039lt_1go/,3990 RUB
Настольная лампа Arte Lamp Procyon A4039LT-1CC,/product/nastolnaya_lampa_arte_lamp_procyon_a4039lt_1cc/,3990 RUB
Настольная лампа Arte Lamp Fire A4035LT-1GO,/product/nastolnaya_lampa_arte_lamp_fire_a4035lt_1go/,8990 RUB
Настольная лампа Arte Lamp Bunda A4007LT-1GY,/product/nastolnaya_lampa_arte_lamp_bunda_a4007lt_1gy/,2490 RUB
Настольная лампа Arte Lamp Rodos A2589LT-1SS,/product/nastolnaya_lampa_arte_lamp_rodos_a2589lt_1ss/,4990 RUB
Настольная лампа Arte Lamp Bobby A1512LT-1WH,/product/nastolnaya_lampa_arte_lamp_bobby_a1512lt_1wh/,6990 RUB
Настольная лампа Arte Lamp Radison A1550LT-1PB,/product/nastolnaya_lampa_arte_lamp_radison_a1550lt_1pb/,10990 RUB
Настольная лампа Crystal Lux Armando LG1 Gold,/product/nastolnaya_lampa_crystal_lux_armando_lg1_gold/,5900 RUB
Настольная лампа ST Luce Lazio SL6002.404.01,/product/nastolnaya_lampa_st_luce_lazio_sl6002_404_01/,9430 RUB
Настольная лампа ST Luce Lazio SL6002.204.01,/product/nastolnaya_lampa_st_luce_lazio_sl6002_204_01/,9430 RUB
Настольная лампа ST Luce Ampolla SL974.604.01,/product/nastolnaya_lampa_st_luce_ampolla_sl974_604_01/,15240 RUB
Настольная лампа Arte Lamp Superb A3752LT-1BR,/product/nastolnaya_lampa_arte_lamp_superb_a3752lt_1br/,11990 RUB
Настольная лампа Arte Lamp Schedar A4008LT-1WH,/product/nastolnaya_lampa_arte_lamp_schedar_a4008lt_1wh/,7490 RUB
Настольная лампа Arte Lamp Korfu A4003LT-1GO,/product/nastolnaya_lampa_arte_lamp_korfu_a4003lt_1go/,5990 RUB
Настольная лампа Arte Lamp Iklil A4014LT-1GO,/product/nastolnaya_lampa_arte_lamp_iklil_a4014lt_1go/,9990 RUB
Настольная лампа Crystal Lux Santa LG1 Black,/product/nastolnaya_lampa_crystal_lux_santa_lg1_black/,8300 RUB
Настольная лампа Crystal Lux Renata LG1 Silver,/product/nastolnaya_lampa_crystal_lux_renata_lg1_silver/,3200 RUB
Настольная лампа Crystal Lux Francisca LG1 Gold/Cognac,/product/nastolnaya_lampa_crystal_lux_francisca_lg1_gold_cognac/,1900 RUB
Прикроватная лампа Evoluce Bagetti SL1142.504.01,/product/nastolnaya_lampa_evoluce_bagetti_sl1142_504_01/,5790 RUB
Настольная лампа Crystal Lux Sergio LG1 Nickel,/product/nastolnaya_lampa_crystal_lux_sergio_lg1_nickel/,5900 RUB
Настольная лампа Arte Lamp Mallorca A1021LT-1SS,/product/nastolnaya_lampa_arte_lamp_mallorca_a1021lt_1ss/,7990 RUB
Настольная лампа Arte Lamp Schedar A4008LT-1WH,/product/nastolnaya_lampa_arte_lamp_schedar_a4008lt_1wh/,7490 RUB
Настольная лампа Arte Lamp Maia A4036LT-1GO,/product/nastolnaya_lampa_arte_lamp_maia_a4036lt_1go/,10990 RUB
Настольная лампа Crystal Lux Sergio LG1 Gold,/product/nastolnaya_lampa_crystal_lux_sergio_lg1_gold/,5900 RUB
Прикроватная лампа ST Luce Calma SL968.604.01,/product/nastolnaya_lampa_st_luce_calma_sl968_604_01/,15290 RUB
Настольная лампа Arte Lamp Proxima A4031LT-1PB,/product/nastolnaya_lampa_arte_lamp_proxima_a4031lt_1pb/,12990 RUB
Настольная лампа Arte Lamp Murano A4029LT-1CC,/product/nastolnaya_lampa_arte_lamp_murano_a4029lt_1cc/,7990 RUB
Настольная лампа Arte Lamp Korfu A4003LT-1CC,/product/nastolnaya_lampa_arte_lamp_korfu_a4003lt_1cc/,5990 RUB
Прикроватная лампа Evoluce Rionfo SL1137.204.01,/product/nastolnaya_lampa_st_luce_rionfo_sl1137_204_01/,7870 RUB
Настольная лампа Arte Lamp Taiyi A4002LT-1GO,/product/nastolnaya_lampa_arte_lamp_taiyi_a4002lt_1go/,12990 RUB
Настольная лампа Arte Lamp Matar A4027LT-1PB,/product/nastolnaya_lampa_arte_lamp_matar_a4027lt_1pb/,15990 RUB
Настольная лампа Stilfort Chart 1045/11/01T,/product/nastolnaya_lampa_stilfort_chart_1045_11_01t/,10200 RUB
Настольная лампа Arte Lamp Sheldon A8532LT-1CC,/product/nastolnaya_lampa_arte_lamp_sheldon_a8532lt_1cc/,19990 RUB
Настольная лампа Evoluce Brescia SLE300514-01,/product/nastolnaya_lampa_evoluce_brescia_sle300514_01/,4880 RUB
Настольная лампа Arte Lamp Furore A3990LT-1CC,/product/nastolnaya_lampa_arte_lamp_furore_a3990lt_1cc/,7990 RUB
Прикроватная лампа Evoluce Ramer SLE105704-01,/product/nastolnaya_lampa_evoluce_ramer_sle105704_01/,7820 RUB
Настольная лампа Arte Lamp Merga A4001LT-1CC,/product/nastolnaya_lampa_arte_lamp_merga_a4001lt_1cc/,1990 RUB
Прикроватная лампа Evoluce Elida SLE107704-01,/product/nastolnaya_lampa_evoluce_elida_sle107704_01/,5730 RUB
Настольная лампа Arte Lamp Superb A3752LT-1WH,/product/nastolnaya_lampa_arte_lamp_superb_a3752lt_1wh/,11990 RUB
Настольная лампа Arte Lamp Musica A4025LT-1PB,/product/nastolnaya_lampa_arte_lamp_musica_a4025lt_1pb/,7990 RUB
Настольная лампа Evoluce Narni SLE115224-01,/product/nastolnaya_lampa_evoluce_narni_sle115224_01/,8540 RUB
Прикроватная лампа Evoluce Rita SLE108004-01,/product/nastolnaya_lampa_evoluce_rita_sle108004_01/,6410 RUB
Настольная лампа Arte Lamp Baymont A5070LT-1PB,/product/nastolnaya_lampa_arte_lamp_baymont_a5070lt_1pb/,10990 RUB
Настольная лампа Arte Lamp Elba A2581LT-1AB,/product/nastolnaya_lampa_arte_lamp_elba_a2581lt_1ab/,4990 RUB
Настольная лампа Arte Lamp Louis A4017LT-1CC,/product/nastolnaya_lampa_arte_lamp_louis_a4017lt_1cc/,4990 RUB
Прикроватная лампа Evoluce Peramone SLE105614-01,/product/nastolnaya_lampa_evoluce_peramone_sle105614_01/,4400 RUB
Прикроватная лампа Evoluce Bagetti SL1142.404.01,/product/nastolnaya_lampa_evoluce_bagetti_sl1142_404_01/,5790 RUB
Прикроватная лампа ST Luce Spruzzo SL305.504.01,/product/nastolnaya_lampa_st_luce_spruzzo_sl305_504_01/,10560 RUB
Прикроватная лампа Evoluce Bellino SLE105904-01,/product/nastolnaya_lampa_evoluce_bellino_sle105904_01/,5950 RUB
Прикроватная лампа Evoluce Rionfo SL1137.104.01,/product/nastolnaya_lampa_st_luce_rionfo_sl1137_104_01/,7870 RUB
Настольная лампа Divinare Porta 5933/01 TL-1,/product/nastolnaya_lampa_divinare_porta_5933_01_tl_1/,32990 RUB
Настольная лампа Arte Lamp Gustav A4420LT-1GO,/product/nastolnaya_lampa_arte_lamp_gustav_a4420lt_1go/,3990 RUB
